pizza_name_id,predicted_quantity,mape
bbq_ckn_l,19,0.32809742841954037
bbq_ckn_m,18,0.4219512498045107
bbq_ckn_s,8,0.28496311131962027
big_meat_s,37,0.2110253285400538
brie_carre_s,9,0.38001771595521616
calabrese_l,0,0.573925456946129
calabrese_m,10,0.4638941794272676
cali_ckn_l,17,0.3630165208641454
cali_ckn_m,18,0.369006722299495
cali_ckn_s,9,0.46211394648894666
ckn_alfredo_l,3,0.5372056928504254
ckn_alfredo_m,13,0.26110469626094646
ckn_alfredo_s,2,0.6499167165824316
ckn_pesto_l,8,0.7261430959922699
ckn_pesto_m,5,0.48226686507936517
ckn_pesto_s,5,0.5408112110164494
classic_dlx_l,8,0.18754992821907612
classic_dlx_m,23,0.18457447759124662
classic_dlx_s,14,0.23607674470677564
five_cheese_l,27,0.3726451385594418
four_cheese_l,25,0.2945296892636803
four_cheese_m,10,0.4175178648524237
green_garden_l,1,0.7491903470590012
green_garden_m,5,0.51130080973831
green_garden_s,10,0.3015067180916233
hawaiian_l,16,0.2491647783402659
hawaiian_m,8,0.538029729736679
hawaiian_s,18,0.2609951864905377
ital_cpcllo_l,14,0.5317955633745112
ital_cpcllo_m,8,0.5986463646886746
ital_cpcllo_s,5,0.5043417467500679
ital_supr_l,14,0.34582822257454626
ital_supr_m,18,0.43317225866326126
ital_supr_s,3,0.7525780244530247
ital_veggie_m,8,0.5190225327534761
ital_veggie_s,6,0.5209515535375006
mediterraneo_l,7,0.5854214619839622
mediterraneo_m,4,0.34341384254611707
mediterraneo_s,5,0.4621370466131807
mexicana_l,16,0.3102520134961153
mexicana_m,9,0.6640098707096407
mexicana_s,3,0.4134386639511457
napolitana_l,11,0.5527842090342094
napolitana_m,8,0.484720515970516
napolitana_s,9,0.3096404440154442
pep_msh_pep_l,7,0.4434123428119563
pep_msh_pep_m,7,0.3252949377949379
pep_msh_pep_s,11,0.7296746753548666
pepperoni_l,14,0.3289633160956692
pepperoni_m,18,0.34363669430309357
pepperoni_s,14,0.36398423084099585
peppr_salami_l,14,0.544431181572873
peppr_salami_m,7,0.3613149198386251
peppr_salami_s,5,0.3847303444532649
prsc_argla_l,8,0.3539803416105499
prsc_argla_m,11,0.9755723952409694
prsc_argla_s,8,0.6585019241269245
sicilian_l,11,0.2384836214612784
sicilian_m,11,1.0633360637656466
sicilian_s,14,0.5891297070766888
soppressata_l,8,0.6265515348974834
soppressata_m,5,1.2145618833118834
soppressata_s,5,0.39312295249795265
southw_ckn_l,18,0.28858668578206254
southw_ckn_m,9,0.30771457333957336
southw_ckn_s,7,1.028345715845716
spicy_ital_l,22,0.48929687085257767
spicy_ital_m,7,0.4482604951354954
spicy_ital_s,8,0.5172360415998367
spin_pesto_l,5,0.490547243672244
spin_pesto_m,5,0.34111969111969137
spin_pesto_s,7,0.5135213754349477
spinach_fet_l,8,0.7149629930879934
spinach_fet_m,11,0.46140722546972596
spinach_fet_s,7,0.5714702805135325
spinach_supr_l,5,0.8783287752037754
spinach_supr_m,4,0.5625456667620694
spinach_supr_s,7,1.0214667813152694
thai_ckn_l,26,0.28382389212532116
thai_ckn_m,10,0.34862985931060314
thai_ckn_s,9,0.44229613733290235
the_greek_l,4,0.8365334084084086
the_greek_m,5,0.4649747962247963
the_greek_s,5,0.5430260617760618
the_greek_xl,10,0.557279246157923
veggie_veg_l,8,0.4864378583128584
veggie_veg_m,12,0.35314338439338444
veggie_veg_s,10,0.7681176981943851
calabrese_s,2,0.8193134838985654
ital_veggie_l,3,0.46568348222133316
the_greek_xxl,1,0.2952380946560299
