pizza_name_id,pizza_name,pizza_ingredients,Inc_Quantity
bbq_ckn_l,The Barbecue Chicken Pizza,Barbecued Chicken,680.0
bbq_ckn_l,The Barbecue Chicken Pizza,Red Peppers,255.0
bbq_ckn_l,The Barbecue Chicken Pizza,Green Peppers,340.0
bbq_ckn_l,The Barbecue Chicken Pizza,Tomatoes,510.0
bbq_ckn_l,The Barbecue Chicken Pizza,Red Onions,1020.0
bbq_ckn_l,The Barbecue Chicken Pizza,Barbecue Sauce,255.0
bbq_ckn_m,The Barbecue Chicken Pizza,Barbecued Chicken,570.0
bbq_ckn_m,The Barbecue Chicken Pizza,Red Peppers,190.0
bbq_ckn_m,The Barbecue Chicken Pizza,Green Peppers,285.0
bbq_ckn_m,The Barbecue Chicken Pizza,Tomatoes,380.0
bbq_ckn_m,The Barbecue Chicken Pizza,Red Onions,760.0
bbq_ckn_m,The Barbecue Chicken Pizza,Barbecue Sauce,190.0
bbq_ckn_s,The Barbecue Chicken Pizza,Barbecued Chicken,160.0
bbq_ckn_s,The Barbecue Chicken Pizza,Red Peppers,40.0
bbq_ckn_s,The Barbecue Chicken Pizza,Green Peppers,160.0
bbq_ckn_s,The Barbecue Chicken Pizza,Tomatoes,80.0
bbq_ckn_s,The Barbecue Chicken Pizza,Red Onions,160.0
bbq_ckn_s,The Barbecue Chicken Pizza,Barbecue Sauce,40.0
big_meat_s,The Big Meat Pizza,Bacon,6150.0
big_meat_s,The Big Meat Pizza,Pepperoni,2050.0
big_meat_s,The Big Meat Pizza,Italian Sausage,410.0
big_meat_s,The Big Meat Pizza,Chorizo Sausage,2050.0
brie_carre_s,The Brie Carre Pizza,Brie Carre Cheese,300.0
brie_carre_s,The Brie Carre Pizza,Prosciutto,300.0
brie_carre_s,The Brie Carre Pizza,Caramelized Onions,
brie_carre_s,The Brie Carre Pizza,Pears,100.0
brie_carre_s,The Brie Carre Pizza,Thyme,50.0
brie_carre_s,The Brie Carre Pizza,Garlic,50.0
calabrese_l,The Calabrese Pizza,?duja Salami,0.0
calabrese_l,The Calabrese Pizza,Pancetta,0.0
calabrese_l,The Calabrese Pizza,Tomatoes,0.0
calabrese_l,The Calabrese Pizza,Red Onions,0.0
calabrese_l,The Calabrese Pizza,Friggitello Peppers,0.0
calabrese_l,The Calabrese Pizza,Garlic,0.0
calabrese_m,The Calabrese Pizza,?duja Salami,360.0
calabrese_m,The Calabrese Pizza,Pancetta,540.0
calabrese_m,The Calabrese Pizza,Tomatoes,180.0
calabrese_m,The Calabrese Pizza,Red Onions,360.0
calabrese_m,The Calabrese Pizza,Friggitello Peppers,90.0
calabrese_m,The Calabrese Pizza,Garlic,90.0
calabrese_s,The Calabrese Pizza,?duja Salami,60.0
calabrese_s,The Calabrese Pizza,Pancetta,90.0
calabrese_s,The Calabrese Pizza,Tomatoes,30.0
calabrese_s,The Calabrese Pizza,Red Onions,60.0
calabrese_s,The Calabrese Pizza,Friggitello Peppers,15.0
calabrese_s,The Calabrese Pizza,Garlic,15.0
cali_ckn_l,The California Chicken Pizza,Chicken,2850.0
cali_ckn_l,The California Chicken Pizza,Artichokes,380.0
cali_ckn_l,The California Chicken Pizza,Spinach,855.0
cali_ckn_l,The California Chicken Pizza,Garlic,285.0
cali_ckn_l,The California Chicken Pizza,Jalapeno Peppers,285.0
cali_ckn_l,The California Chicken Pizza,Fontina Cheese,570.0
cali_ckn_l,The California Chicken Pizza,Gouda Cheese,570.0
cali_ckn_m,The California Chicken Pizza,Chicken,1900.0
cali_ckn_m,The California Chicken Pizza,Artichokes,285.0
cali_ckn_m,The California Chicken Pizza,Spinach,570.0
cali_ckn_m,The California Chicken Pizza,Garlic,190.0
cali_ckn_m,The California Chicken Pizza,Jalapeno Peppers,190.0
cali_ckn_m,The California Chicken Pizza,Fontina Cheese,380.0
cali_ckn_m,The California Chicken Pizza,Gouda Cheese,380.0
cali_ckn_s,The California Chicken Pizza,Chicken,450.0
cali_ckn_s,The California Chicken Pizza,Artichokes,90.0
cali_ckn_s,The California Chicken Pizza,Spinach,135.0
cali_ckn_s,The California Chicken Pizza,Garlic,45.0
cali_ckn_s,The California Chicken Pizza,Jalapeno Peppers,45.0
cali_ckn_s,The California Chicken Pizza,Fontina Cheese,90.0
cali_ckn_s,The California Chicken Pizza,Gouda Cheese,90.0
ckn_alfredo_l,The Chicken Alfredo Pizza,Chicken,450.0
ckn_alfredo_l,The Chicken Alfredo Pizza,Red Onions,180.0
ckn_alfredo_l,The Chicken Alfredo Pizza,Red Peppers,45.0
ckn_alfredo_l,The Chicken Alfredo Pizza,Mushrooms,180.0
ckn_alfredo_l,The Chicken Alfredo Pizza,Asiago Cheese,90.0
ckn_alfredo_l,The Chicken Alfredo Pizza,Alfredo Sauce,60.0
ckn_alfredo_m,The Chicken Alfredo Pizza,Chicken,1300.0
ckn_alfredo_m,The Chicken Alfredo Pizza,Red Onions,520.0
ckn_alfredo_m,The Chicken Alfredo Pizza,Red Peppers,130.0
ckn_alfredo_m,The Chicken Alfredo Pizza,Mushrooms,520.0
ckn_alfredo_m,The Chicken Alfredo Pizza,Asiago Cheese,260.0
ckn_alfredo_m,The Chicken Alfredo Pizza,Alfredo Sauce,195.0
ckn_alfredo_s,The Chicken Alfredo Pizza,Chicken,150.0
ckn_alfredo_s,The Chicken Alfredo Pizza,Red Onions,60.0
ckn_alfredo_s,The Chicken Alfredo Pizza,Red Peppers,15.0
ckn_alfredo_s,The Chicken Alfredo Pizza,Mushrooms,60.0
ckn_alfredo_s,The Chicken Alfredo Pizza,Asiago Cheese,30.0
ckn_alfredo_s,The Chicken Alfredo Pizza,Alfredo Sauce,30.0
ckn_pesto_l,The Chicken Pesto Pizza,Chicken,600.0
ckn_pesto_l,The Chicken Pesto Pizza,Tomatoes,120.0
ckn_pesto_l,The Chicken Pesto Pizza,Red Peppers,60.0
ckn_pesto_l,The Chicken Pesto Pizza,Spinach,180.0
ckn_pesto_l,The Chicken Pesto Pizza,Garlic,60.0
ckn_pesto_l,The Chicken Pesto Pizza,Pesto Sauce,120.0
ckn_pesto_m,The Chicken Pesto Pizza,Chicken,400.0
ckn_pesto_m,The Chicken Pesto Pizza,Tomatoes,80.0
ckn_pesto_m,The Chicken Pesto Pizza,Red Peppers,40.0
ckn_pesto_m,The Chicken Pesto Pizza,Spinach,120.0
ckn_pesto_m,The Chicken Pesto Pizza,Garlic,40.0
ckn_pesto_m,The Chicken Pesto Pizza,Pesto Sauce,80.0
ckn_pesto_s,The Chicken Pesto Pizza,Chicken,300.0
ckn_pesto_s,The Chicken Pesto Pizza,Tomatoes,60.0
ckn_pesto_s,The Chicken Pesto Pizza,Red Peppers,30.0
ckn_pesto_s,The Chicken Pesto Pizza,Spinach,90.0
ckn_pesto_s,The Chicken Pesto Pizza,Garlic,30.0
ckn_pesto_s,The Chicken Pesto Pizza,Pesto Sauce,60.0
classic_dlx_l,The Classic Deluxe Pizza,Pepperoni,480.0
classic_dlx_l,The Classic Deluxe Pizza,Mushrooms,480.0
classic_dlx_l,The Classic Deluxe Pizza,Red Onions,480.0
classic_dlx_l,The Classic Deluxe Pizza,Red Peppers,120.0
classic_dlx_l,The Classic Deluxe Pizza,Bacon,960.0
classic_dlx_m,The Classic Deluxe Pizza,Pepperoni,960.0
classic_dlx_m,The Classic Deluxe Pizza,Mushrooms,960.0
classic_dlx_m,The Classic Deluxe Pizza,Red Onions,960.0
classic_dlx_m,The Classic Deluxe Pizza,Red Peppers,240.0
classic_dlx_m,The Classic Deluxe Pizza,Bacon,2400.0
classic_dlx_s,The Classic Deluxe Pizza,Pepperoni,220.0
classic_dlx_s,The Classic Deluxe Pizza,Mushrooms,220.0
classic_dlx_s,The Classic Deluxe Pizza,Red Onions,220.0
classic_dlx_s,The Classic Deluxe Pizza,Red Peppers,55.0
classic_dlx_s,The Classic Deluxe Pizza,Bacon,550.0
five_cheese_l,The Five Cheese Pizza,Mozzarella Cheese,840.0
five_cheese_l,The Five Cheese Pizza,Provolone Cheese,840.0
five_cheese_l,The Five Cheese Pizza,Smoked Gouda Cheese,840.0
five_cheese_l,The Five Cheese Pizza,Romano Cheese,840.0
five_cheese_l,The Five Cheese Pizza,Blue Cheese,840.0
five_cheese_l,The Five Cheese Pizza,Garlic,420.0
four_cheese_l,The Four Cheese Pizza,Ricotta Cheese,1200.0
four_cheese_l,The Four Cheese Pizza,Gorgonzola Piccante Cheese,960.0
four_cheese_l,The Four Cheese Pizza,Mozzarella Cheese,480.0
four_cheese_l,The Four Cheese Pizza,Parmigiano Reggiano Cheese,2160.0
four_cheese_l,The Four Cheese Pizza,Garlic,360.0
four_cheese_m,The Four Cheese Pizza,Ricotta Cheese,275.0
four_cheese_m,The Four Cheese Pizza,Gorgonzola Piccante Cheese,220.0
four_cheese_m,The Four Cheese Pizza,Mozzarella Cheese,110.0
four_cheese_m,The Four Cheese Pizza,Parmigiano Reggiano Cheese,660.0
four_cheese_m,The Four Cheese Pizza,Garlic,110.0
green_garden_l,The Green Garden Pizza,Spinach,135.0
green_garden_l,The Green Garden Pizza,Mushrooms,180.0
green_garden_l,The Green Garden Pizza,Tomatoes,90.0
green_garden_l,The Green Garden Pizza,Green Olives,45.0
green_garden_l,The Green Garden Pizza,Feta Cheese,120.0
green_garden_m,The Green Garden Pizza,Spinach,210.0
green_garden_m,The Green Garden Pizza,Mushrooms,280.0
green_garden_m,The Green Garden Pizza,Tomatoes,140.0
green_garden_m,The Green Garden Pizza,Green Olives,70.0
green_garden_m,The Green Garden Pizza,Feta Cheese,140.0
green_garden_s,The Green Garden Pizza,Spinach,165.0
green_garden_s,The Green Garden Pizza,Mushrooms,220.0
green_garden_s,The Green Garden Pizza,Tomatoes,110.0
green_garden_s,The Green Garden Pizza,Green Olives,55.0
green_garden_s,The Green Garden Pizza,Feta Cheese,110.0
hawaiian_l,The Hawaiian Pizza,Sliced Ham,
hawaiian_l,The Hawaiian Pizza,Pineapple,810.0
hawaiian_l,The Hawaiian Pizza,Mozzarella Cheese,540.0
hawaiian_m,The Hawaiian Pizza,Sliced Ham,
hawaiian_m,The Hawaiian Pizza,Pineapple,300.0
hawaiian_m,The Hawaiian Pizza,Mozzarella Cheese,200.0
hawaiian_s,The Hawaiian Pizza,Sliced Ham,
hawaiian_s,The Hawaiian Pizza,Pineapple,225.0
hawaiian_s,The Hawaiian Pizza,Mozzarella Cheese,150.0
ital_cpcllo_l,The Italian Capocollo Pizza,Capocollo,2250.0
ital_cpcllo_l,The Italian Capocollo Pizza,Red Peppers,225.0
ital_cpcllo_l,The Italian Capocollo Pizza,Tomatoes,450.0
ital_cpcllo_l,The Italian Capocollo Pizza,Goat Cheese,900.0
ital_cpcllo_l,The Italian Capocollo Pizza,Garlic,225.0
ital_cpcllo_l,The Italian Capocollo Pizza,Oregano,225.0
ital_cpcllo_m,The Italian Capocollo Pizza,Capocollo,800.0
ital_cpcllo_m,The Italian Capocollo Pizza,Red Peppers,80.0
ital_cpcllo_m,The Italian Capocollo Pizza,Tomatoes,160.0
ital_cpcllo_m,The Italian Capocollo Pizza,Goat Cheese,320.0
ital_cpcllo_m,The Italian Capocollo Pizza,Garlic,80.0
ital_cpcllo_m,The Italian Capocollo Pizza,Oregano,80.0
ital_cpcllo_s,The Italian Capocollo Pizza,Capocollo,250.0
ital_cpcllo_s,The Italian Capocollo Pizza,Red Peppers,25.0
ital_cpcllo_s,The Italian Capocollo Pizza,Tomatoes,50.0
ital_cpcllo_s,The Italian Capocollo Pizza,Goat Cheese,100.0
ital_cpcllo_s,The Italian Capocollo Pizza,Garlic,25.0
ital_cpcllo_s,The Italian Capocollo Pizza,Oregano,25.0
ital_supr_l,The Italian Supreme Pizza,Calabrese Salami,2100.0
ital_supr_l,The Italian Supreme Pizza,Capocollo,2100.0
ital_supr_l,The Italian Supreme Pizza,Tomatoes,420.0
ital_supr_l,The Italian Supreme Pizza,Red Onions,840.0
ital_supr_l,The Italian Supreme Pizza,Green Olives,210.0
ital_supr_l,The Italian Supreme Pizza,Garlic,210.0
ital_supr_m,The Italian Supreme Pizza,Calabrese Salami,2000.0
ital_supr_m,The Italian Supreme Pizza,Capocollo,2000.0
ital_supr_m,The Italian Supreme Pizza,Tomatoes,400.0
ital_supr_m,The Italian Supreme Pizza,Red Onions,800.0
ital_supr_m,The Italian Supreme Pizza,Green Olives,200.0
ital_supr_m,The Italian Supreme Pizza,Garlic,200.0
ital_supr_s,The Italian Supreme Pizza,Calabrese Salami,200.0
ital_supr_s,The Italian Supreme Pizza,Capocollo,200.0
ital_supr_s,The Italian Supreme Pizza,Tomatoes,40.0
ital_supr_s,The Italian Supreme Pizza,Red Onions,80.0
ital_supr_s,The Italian Supreme Pizza,Green Olives,20.0
ital_supr_s,The Italian Supreme Pizza,Garlic,20.0
ital_veggie_l,The Italian Vegetables Pizza,Eggplant,180.0
ital_veggie_l,The Italian Vegetables Pizza,Artichokes,60.0
ital_veggie_l,The Italian Vegetables Pizza,Tomatoes,90.0
ital_veggie_l,The Italian Vegetables Pizza,Zucchini,90.0
ital_veggie_l,The Italian Vegetables Pizza,Red Peppers,45.0
ital_veggie_l,The Italian Vegetables Pizza,Garlic,45.0
ital_veggie_l,The Italian Vegetables Pizza,Pesto Sauce,90.0
ital_veggie_m,The Italian Vegetables Pizza,Eggplant,360.0
ital_veggie_m,The Italian Vegetables Pizza,Artichokes,135.0
ital_veggie_m,The Italian Vegetables Pizza,Tomatoes,180.0
ital_veggie_m,The Italian Vegetables Pizza,Zucchini,180.0
ital_veggie_m,The Italian Vegetables Pizza,Red Peppers,90.0
ital_veggie_m,The Italian Vegetables Pizza,Garlic,90.0
ital_veggie_m,The Italian Vegetables Pizza,Pesto Sauce,180.0
ital_veggie_s,The Italian Vegetables Pizza,Eggplant,120.0
ital_veggie_s,The Italian Vegetables Pizza,Artichokes,60.0
ital_veggie_s,The Italian Vegetables Pizza,Tomatoes,60.0
ital_veggie_s,The Italian Vegetables Pizza,Zucchini,60.0
ital_veggie_s,The Italian Vegetables Pizza,Red Peppers,30.0
ital_veggie_s,The Italian Vegetables Pizza,Garlic,30.0
ital_veggie_s,The Italian Vegetables Pizza,Pesto Sauce,60.0
mediterraneo_l,The Mediterranean Pizza,Spinach,315.0
mediterraneo_l,The Mediterranean Pizza,Artichokes,140.0
mediterraneo_l,The Mediterranean Pizza,Kalamata Olives,105.0
mediterraneo_l,The Mediterranean Pizza,Sun-dried Tomatoes,105.0
mediterraneo_l,The Mediterranean Pizza,Feta Cheese,280.0
mediterraneo_l,The Mediterranean Pizza,Plum Tomatoes,420.0
mediterraneo_l,The Mediterranean Pizza,Red Onions,420.0
mediterraneo_m,The Mediterranean Pizza,Spinach,150.0
mediterraneo_m,The Mediterranean Pizza,Artichokes,75.0
mediterraneo_m,The Mediterranean Pizza,Kalamata Olives,50.0
mediterraneo_m,The Mediterranean Pizza,Sun-dried Tomatoes,50.0
mediterraneo_m,The Mediterranean Pizza,Feta Cheese,100.0
mediterraneo_m,The Mediterranean Pizza,Plum Tomatoes,200.0
mediterraneo_m,The Mediterranean Pizza,Red Onions,200.0
mediterraneo_s,The Mediterranean Pizza,Spinach,45.0
mediterraneo_s,The Mediterranean Pizza,Artichokes,30.0
mediterraneo_s,The Mediterranean Pizza,Kalamata Olives,15.0
mediterraneo_s,The Mediterranean Pizza,Sun-dried Tomatoes,15.0
mediterraneo_s,The Mediterranean Pizza,Feta Cheese,30.0
mediterraneo_s,The Mediterranean Pizza,Plum Tomatoes,60.0
mediterraneo_s,The Mediterranean Pizza,Red Onions,60.0
mexicana_l,The Mexicana Pizza,Tomatoes,330.0
mexicana_l,The Mexicana Pizza,Red Peppers,165.0
mexicana_l,The Mexicana Pizza,Jalapeno Peppers,165.0
mexicana_l,The Mexicana Pizza,Red Onions,660.0
mexicana_l,The Mexicana Pizza,Cilantro,165.0
mexicana_l,The Mexicana Pizza,Corn,1100.0
mexicana_l,The Mexicana Pizza,Chipotle Sauce,330.0
mexicana_l,The Mexicana Pizza,Garlic,165.0
mexicana_m,The Mexicana Pizza,Tomatoes,200.0
mexicana_m,The Mexicana Pizza,Red Peppers,100.0
mexicana_m,The Mexicana Pizza,Jalapeno Peppers,100.0
mexicana_m,The Mexicana Pizza,Red Onions,400.0
mexicana_m,The Mexicana Pizza,Cilantro,100.0
mexicana_m,The Mexicana Pizza,Corn,700.0
mexicana_m,The Mexicana Pizza,Chipotle Sauce,200.0
mexicana_m,The Mexicana Pizza,Garlic,100.0
mexicana_s,The Mexicana Pizza,Tomatoes,30.0
mexicana_s,The Mexicana Pizza,Red Peppers,15.0
mexicana_s,The Mexicana Pizza,Jalapeno Peppers,15.0
mexicana_s,The Mexicana Pizza,Red Onions,60.0
mexicana_s,The Mexicana Pizza,Cilantro,15.0
mexicana_s,The Mexicana Pizza,Corn,90.0
mexicana_s,The Mexicana Pizza,Chipotle Sauce,30.0
mexicana_s,The Mexicana Pizza,Garlic,15.0
napolitana_l,The Napolitana Pizza,Tomatoes,240.0
napolitana_l,The Napolitana Pizza,Anchovies,320.0
napolitana_l,The Napolitana Pizza,Green Olives,120.0
napolitana_l,The Napolitana Pizza,Red Onions,480.0
napolitana_l,The Napolitana Pizza,Garlic,120.0
napolitana_m,The Napolitana Pizza,Tomatoes,80.0
napolitana_m,The Napolitana Pizza,Anchovies,120.0
napolitana_m,The Napolitana Pizza,Green Olives,40.0
napolitana_m,The Napolitana Pizza,Red Onions,160.0
napolitana_m,The Napolitana Pizza,Garlic,40.0
napolitana_s,The Napolitana Pizza,Tomatoes,90.0
napolitana_s,The Napolitana Pizza,Anchovies,135.0
napolitana_s,The Napolitana Pizza,Green Olives,45.0
napolitana_s,The Napolitana Pizza,Red Onions,180.0
napolitana_s,The Napolitana Pizza,Garlic,45.0
pep_msh_pep_l,"The Pepperoni, Mushroom, and Peppers Pizza",Pepperoni,420.0
pep_msh_pep_l,"The Pepperoni, Mushroom, and Peppers Pizza",Mushrooms,420.0
pep_msh_pep_l,"The Pepperoni, Mushroom, and Peppers Pizza",Green Peppers,140.0
pep_msh_pep_m,"The Pepperoni, Mushroom, and Peppers Pizza",Pepperoni,320.0
pep_msh_pep_m,"The Pepperoni, Mushroom, and Peppers Pizza",Mushrooms,320.0
pep_msh_pep_m,"The Pepperoni, Mushroom, and Peppers Pizza",Green Peppers,120.0
pep_msh_pep_s,"The Pepperoni, Mushroom, and Peppers Pizza",Pepperoni,100.0
pep_msh_pep_s,"The Pepperoni, Mushroom, and Peppers Pizza",Mushrooms,100.0
pep_msh_pep_s,"The Pepperoni, Mushroom, and Peppers Pizza",Green Peppers,100.0
pepperoni_l,The Pepperoni Pizza,Mozzarella Cheese,450.0
pepperoni_l,The Pepperoni Pizza,Pepperoni,900.0
pepperoni_m,The Pepperoni Pizza,Mozzarella Cheese,420.0
pepperoni_m,The Pepperoni Pizza,Pepperoni,840.0
pepperoni_s,The Pepperoni Pizza,Mozzarella Cheese,140.0
pepperoni_s,The Pepperoni Pizza,Pepperoni,280.0
peppr_salami_l,The Pepper Salami Pizza,Genoa Salami,1170.0
peppr_salami_l,The Pepper Salami Pizza,Capocollo,1950.0
peppr_salami_l,The Pepper Salami Pizza,Pepperoni,780.0
peppr_salami_l,The Pepper Salami Pizza,Tomatoes,390.0
peppr_salami_l,The Pepper Salami Pizza,Asiago Cheese,390.0
peppr_salami_l,The Pepper Salami Pizza,Garlic,195.0
peppr_salami_m,The Pepper Salami Pizza,Genoa Salami,480.0
peppr_salami_m,The Pepper Salami Pizza,Capocollo,800.0
peppr_salami_m,The Pepper Salami Pizza,Pepperoni,320.0
peppr_salami_m,The Pepper Salami Pizza,Tomatoes,160.0
peppr_salami_m,The Pepper Salami Pizza,Asiago Cheese,160.0
peppr_salami_m,The Pepper Salami Pizza,Garlic,80.0
peppr_salami_s,The Pepper Salami Pizza,Genoa Salami,180.0
peppr_salami_s,The Pepper Salami Pizza,Capocollo,300.0
peppr_salami_s,The Pepper Salami Pizza,Pepperoni,120.0
peppr_salami_s,The Pepper Salami Pizza,Tomatoes,60.0
peppr_salami_s,The Pepper Salami Pizza,Asiago Cheese,60.0
peppr_salami_s,The Pepper Salami Pizza,Garlic,30.0
prsc_argla_l,The Prosciutto and Arugula Pizza,Prosciutto di San Daniele,360.0
prsc_argla_l,The Prosciutto and Arugula Pizza,Arugula,135.0
prsc_argla_l,The Prosciutto and Arugula Pizza,Mozzarella Cheese,270.0
prsc_argla_m,The Prosciutto and Arugula Pizza,Prosciutto di San Daniele,260.0
prsc_argla_m,The Prosciutto and Arugula Pizza,Arugula,130.0
prsc_argla_m,The Prosciutto and Arugula Pizza,Mozzarella Cheese,260.0
prsc_argla_s,The Prosciutto and Arugula Pizza,Prosciutto di San Daniele,60.0
prsc_argla_s,The Prosciutto and Arugula Pizza,Arugula,30.0
prsc_argla_s,The Prosciutto and Arugula Pizza,Mozzarella Cheese,60.0
sicilian_l,The Sicilian Pizza,Coarse Sicilian Salami,1200.0
sicilian_l,The Sicilian Pizza,Tomatoes,300.0
sicilian_l,The Sicilian Pizza,Green Olives,150.0
sicilian_l,The Sicilian Pizza,Luganega Sausage,600.0
sicilian_l,The Sicilian Pizza,Onions,300.0
sicilian_l,The Sicilian Pizza,Garlic,150.0
sicilian_m,The Sicilian Pizza,Coarse Sicilian Salami,880.0
sicilian_m,The Sicilian Pizza,Tomatoes,220.0
sicilian_m,The Sicilian Pizza,Green Olives,110.0
sicilian_m,The Sicilian Pizza,Luganega Sausage,440.0
sicilian_m,The Sicilian Pizza,Onions,220.0
sicilian_m,The Sicilian Pizza,Garlic,110.0
sicilian_s,The Sicilian Pizza,Coarse Sicilian Salami,320.0
sicilian_s,The Sicilian Pizza,Tomatoes,80.0
sicilian_s,The Sicilian Pizza,Green Olives,40.0
sicilian_s,The Sicilian Pizza,Luganega Sausage,160.0
sicilian_s,The Sicilian Pizza,Onions,80.0
sicilian_s,The Sicilian Pizza,Garlic,40.0
soppressata_l,The Soppressata Pizza,Soppressata Salami,1350.0
soppressata_l,The Soppressata Pizza,Fontina Cheese,270.0
soppressata_l,The Soppressata Pizza,Mozzarella Cheese,270.0
soppressata_l,The Soppressata Pizza,Mushrooms,540.0
soppressata_l,The Soppressata Pizza,Garlic,135.0
soppressata_m,The Soppressata Pizza,Soppressata Salami,700.0
soppressata_m,The Soppressata Pizza,Fontina Cheese,140.0
soppressata_m,The Soppressata Pizza,Mozzarella Cheese,140.0
soppressata_m,The Soppressata Pizza,Mushrooms,280.0
soppressata_m,The Soppressata Pizza,Garlic,70.0
soppressata_s,The Soppressata Pizza,Soppressata Salami,250.0
soppressata_s,The Soppressata Pizza,Fontina Cheese,50.0
soppressata_s,The Soppressata Pizza,Mozzarella Cheese,50.0
soppressata_s,The Soppressata Pizza,Mushrooms,100.0
soppressata_s,The Soppressata Pizza,Garlic,25.0
southw_ckn_l,The Southwest Chicken Pizza,Chicken,3150.0
southw_ckn_l,The Southwest Chicken Pizza,Tomatoes,630.0
southw_ckn_l,The Southwest Chicken Pizza,Red Peppers,315.0
southw_ckn_l,The Southwest Chicken Pizza,Red Onions,1260.0
southw_ckn_l,The Southwest Chicken Pizza,Jalapeno Peppers,315.0
southw_ckn_l,The Southwest Chicken Pizza,Corn,2100.0
southw_ckn_l,The Southwest Chicken Pizza,Cilantro,315.0
southw_ckn_l,The Southwest Chicken Pizza,Chipotle Sauce,630.0
southw_ckn_m,The Southwest Chicken Pizza,Chicken,800.0
southw_ckn_m,The Southwest Chicken Pizza,Tomatoes,160.0
southw_ckn_m,The Southwest Chicken Pizza,Red Peppers,80.0
southw_ckn_m,The Southwest Chicken Pizza,Red Onions,320.0
southw_ckn_m,The Southwest Chicken Pizza,Jalapeno Peppers,80.0
southw_ckn_m,The Southwest Chicken Pizza,Corn,560.0
southw_ckn_m,The Southwest Chicken Pizza,Cilantro,80.0
southw_ckn_m,The Southwest Chicken Pizza,Chipotle Sauce,160.0
southw_ckn_s,The Southwest Chicken Pizza,Chicken,400.0
southw_ckn_s,The Southwest Chicken Pizza,Tomatoes,80.0
southw_ckn_s,The Southwest Chicken Pizza,Red Peppers,40.0
southw_ckn_s,The Southwest Chicken Pizza,Red Onions,160.0
southw_ckn_s,The Southwest Chicken Pizza,Jalapeno Peppers,40.0
southw_ckn_s,The Southwest Chicken Pizza,Corn,240.0
southw_ckn_s,The Southwest Chicken Pizza,Cilantro,40.0
southw_ckn_s,The Southwest Chicken Pizza,Chipotle Sauce,80.0
spicy_ital_l,The Spicy Italian Pizza,Capocollo,3750.0
spicy_ital_l,The Spicy Italian Pizza,Tomatoes,750.0
spicy_ital_l,The Spicy Italian Pizza,Goat Cheese,1500.0
spicy_ital_l,The Spicy Italian Pizza,Artichokes,500.0
spicy_ital_l,The Spicy Italian Pizza,Peperoncini verdi,375.0
spicy_ital_l,The Spicy Italian Pizza,Garlic,375.0
spicy_ital_m,The Spicy Italian Pizza,Capocollo,800.0
spicy_ital_m,The Spicy Italian Pizza,Tomatoes,160.0
spicy_ital_m,The Spicy Italian Pizza,Goat Cheese,320.0
spicy_ital_m,The Spicy Italian Pizza,Artichokes,120.0
spicy_ital_m,The Spicy Italian Pizza,Peperoncini verdi,80.0
spicy_ital_m,The Spicy Italian Pizza,Garlic,80.0
spicy_ital_s,The Spicy Italian Pizza,Capocollo,350.0
spicy_ital_s,The Spicy Italian Pizza,Tomatoes,70.0
spicy_ital_s,The Spicy Italian Pizza,Goat Cheese,140.0
spicy_ital_s,The Spicy Italian Pizza,Artichokes,70.0
spicy_ital_s,The Spicy Italian Pizza,Peperoncini verdi,35.0
spicy_ital_s,The Spicy Italian Pizza,Garlic,35.0
spin_pesto_l,The Spinach Pesto Pizza,Spinach,225.0
spin_pesto_l,The Spinach Pesto Pizza,Artichokes,100.0
spin_pesto_l,The Spinach Pesto Pizza,Tomatoes,150.0
spin_pesto_l,The Spinach Pesto Pizza,Sun-dried Tomatoes,75.0
spin_pesto_l,The Spinach Pesto Pizza,Garlic,75.0
spin_pesto_l,The Spinach Pesto Pizza,Pesto Sauce,150.0
spin_pesto_m,The Spinach Pesto Pizza,Spinach,150.0
spin_pesto_m,The Spinach Pesto Pizza,Artichokes,75.0
spin_pesto_m,The Spinach Pesto Pizza,Tomatoes,100.0
spin_pesto_m,The Spinach Pesto Pizza,Sun-dried Tomatoes,50.0
spin_pesto_m,The Spinach Pesto Pizza,Garlic,50.0
spin_pesto_m,The Spinach Pesto Pizza,Pesto Sauce,100.0
spin_pesto_s,The Spinach Pesto Pizza,Spinach,105.0
spin_pesto_s,The Spinach Pesto Pizza,Artichokes,70.0
spin_pesto_s,The Spinach Pesto Pizza,Tomatoes,70.0
spin_pesto_s,The Spinach Pesto Pizza,Sun-dried Tomatoes,35.0
spin_pesto_s,The Spinach Pesto Pizza,Garlic,35.0
spin_pesto_s,The Spinach Pesto Pizza,Pesto Sauce,70.0
spinach_fet_l,The Spinach and Feta Pizza,Spinach,405.0
spinach_fet_l,The Spinach and Feta Pizza,Mushrooms,540.0
spinach_fet_l,The Spinach and Feta Pizza,Red Onions,540.0
spinach_fet_l,The Spinach and Feta Pizza,Feta Cheese,360.0
spinach_fet_l,The Spinach and Feta Pizza,Garlic,135.0
spinach_fet_m,The Spinach and Feta Pizza,Spinach,360.0
spinach_fet_m,The Spinach and Feta Pizza,Mushrooms,480.0
spinach_fet_m,The Spinach and Feta Pizza,Red Onions,480.0
spinach_fet_m,The Spinach and Feta Pizza,Feta Cheese,240.0
spinach_fet_m,The Spinach and Feta Pizza,Garlic,120.0
spinach_fet_s,The Spinach and Feta Pizza,Spinach,75.0
spinach_fet_s,The Spinach and Feta Pizza,Mushrooms,100.0
spinach_fet_s,The Spinach and Feta Pizza,Red Onions,100.0
spinach_fet_s,The Spinach and Feta Pizza,Feta Cheese,50.0
spinach_fet_s,The Spinach and Feta Pizza,Garlic,25.0
spinach_supr_l,The Spinach Supreme Pizza,Spinach,270.0
spinach_supr_l,The Spinach Supreme Pizza,Red Onions,360.0
spinach_supr_l,The Spinach Supreme Pizza,Pepperoni,360.0
spinach_supr_l,The Spinach Supreme Pizza,Tomatoes,180.0
spinach_supr_l,The Spinach Supreme Pizza,Artichokes,120.0
spinach_supr_l,The Spinach Supreme Pizza,Kalamata Olives,90.0
spinach_supr_l,The Spinach Supreme Pizza,Garlic,90.0
spinach_supr_l,The Spinach Supreme Pizza,Asiago Cheese,180.0
spinach_supr_m,The Spinach Supreme Pizza,Spinach,150.0
spinach_supr_m,The Spinach Supreme Pizza,Red Onions,200.0
spinach_supr_m,The Spinach Supreme Pizza,Pepperoni,200.0
spinach_supr_m,The Spinach Supreme Pizza,Tomatoes,100.0
spinach_supr_m,The Spinach Supreme Pizza,Artichokes,75.0
spinach_supr_m,The Spinach Supreme Pizza,Kalamata Olives,50.0
spinach_supr_m,The Spinach Supreme Pizza,Garlic,50.0
spinach_supr_m,The Spinach Supreme Pizza,Asiago Cheese,100.0
spinach_supr_s,The Spinach Supreme Pizza,Spinach,120.0
spinach_supr_s,The Spinach Supreme Pizza,Red Onions,160.0
spinach_supr_s,The Spinach Supreme Pizza,Pepperoni,160.0
spinach_supr_s,The Spinach Supreme Pizza,Tomatoes,80.0
spinach_supr_s,The Spinach Supreme Pizza,Artichokes,80.0
spinach_supr_s,The Spinach Supreme Pizza,Kalamata Olives,40.0
spinach_supr_s,The Spinach Supreme Pizza,Garlic,40.0
spinach_supr_s,The Spinach Supreme Pizza,Asiago Cheese,80.0
thai_ckn_l,The Thai Chicken Pizza,Chicken,4350.0
thai_ckn_l,The Thai Chicken Pizza,Pineapple,1305.0
thai_ckn_l,The Thai Chicken Pizza,Tomatoes,870.0
thai_ckn_l,The Thai Chicken Pizza,Red Peppers,435.0
thai_ckn_l,The Thai Chicken Pizza,Thai Sweet Chilli Sauce,870.0
thai_ckn_m,The Thai Chicken Pizza,Chicken,700.0
thai_ckn_m,The Thai Chicken Pizza,Pineapple,210.0
thai_ckn_m,The Thai Chicken Pizza,Tomatoes,140.0
thai_ckn_m,The Thai Chicken Pizza,Red Peppers,70.0
thai_ckn_m,The Thai Chicken Pizza,Thai Sweet Chilli Sauce,140.0
thai_ckn_s,The Thai Chicken Pizza,Chicken,300.0
thai_ckn_s,The Thai Chicken Pizza,Pineapple,90.0
thai_ckn_s,The Thai Chicken Pizza,Tomatoes,60.0
thai_ckn_s,The Thai Chicken Pizza,Red Peppers,30.0
thai_ckn_s,The Thai Chicken Pizza,Thai Sweet Chilli Sauce,60.0
the_greek_l,The Greek Pizza,Kalamata Olives,90.0
the_greek_l,The Greek Pizza,Feta Cheese,240.0
the_greek_l,The Greek Pizza,Tomatoes,180.0
the_greek_l,The Greek Pizza,Garlic,90.0
the_greek_l,The Greek Pizza,Beef Chuck Roast,600.0
the_greek_l,The Greek Pizza,Red Onions,360.0
the_greek_m,The Greek Pizza,Kalamata Olives,50.0
the_greek_m,The Greek Pizza,Feta Cheese,100.0
the_greek_m,The Greek Pizza,Tomatoes,100.0
the_greek_m,The Greek Pizza,Garlic,50.0
the_greek_m,The Greek Pizza,Beef Chuck Roast,350.0
the_greek_m,The Greek Pizza,Red Onions,200.0
the_greek_s,The Greek Pizza,Kalamata Olives,20.0
the_greek_s,The Greek Pizza,Feta Cheese,40.0
the_greek_s,The Greek Pizza,Tomatoes,40.0
the_greek_s,The Greek Pizza,Garlic,20.0
the_greek_s,The Greek Pizza,Beef Chuck Roast,200.0
the_greek_s,The Greek Pizza,Red Onions,80.0
the_greek_xl,The Greek Pizza,Kalamata Olives,140.0
the_greek_xl,The Greek Pizza,Feta Cheese,420.0
the_greek_xl,The Greek Pizza,Tomatoes,280.0
the_greek_xl,The Greek Pizza,Garlic,140.0
the_greek_xl,The Greek Pizza,Beef Chuck Roast,1050.0
the_greek_xl,The Greek Pizza,Red Onions,560.0
the_greek_xxl,The Greek Pizza,Kalamata Olives,25.0
the_greek_xxl,The Greek Pizza,Feta Cheese,80.0
the_greek_xxl,The Greek Pizza,Tomatoes,50.0
the_greek_xxl,The Greek Pizza,Garlic,25.0
the_greek_xxl,The Greek Pizza,Beef Chuck Roast,200.0
the_greek_xxl,The Greek Pizza,Red Onions,100.0
veggie_veg_l,The Vegetables + Vegetables Pizza,Mushrooms,420.0
veggie_veg_l,The Vegetables + Vegetables Pizza,Tomatoes,210.0
veggie_veg_l,The Vegetables + Vegetables Pizza,Red Peppers,105.0
veggie_veg_l,The Vegetables + Vegetables Pizza,Green Peppers,140.0
veggie_veg_l,The Vegetables + Vegetables Pizza,Red Onions,420.0
veggie_veg_l,The Vegetables + Vegetables Pizza,Zucchini,210.0
veggie_veg_l,The Vegetables + Vegetables Pizza,Spinach,315.0
veggie_veg_l,The Vegetables + Vegetables Pizza,Garlic,105.0
veggie_veg_m,The Vegetables + Vegetables Pizza,Mushrooms,280.0
veggie_veg_m,The Vegetables + Vegetables Pizza,Tomatoes,140.0
veggie_veg_m,The Vegetables + Vegetables Pizza,Red Peppers,70.0
veggie_veg_m,The Vegetables + Vegetables Pizza,Green Peppers,105.0
veggie_veg_m,The Vegetables + Vegetables Pizza,Red Onions,280.0
veggie_veg_m,The Vegetables + Vegetables Pizza,Zucchini,140.0
veggie_veg_m,The Vegetables + Vegetables Pizza,Spinach,210.0
veggie_veg_m,The Vegetables + Vegetables Pizza,Garlic,70.0
veggie_veg_s,The Vegetables + Vegetables Pizza,Mushrooms,160.0
veggie_veg_s,The Vegetables + Vegetables Pizza,Tomatoes,80.0
veggie_veg_s,The Vegetables + Vegetables Pizza,Red Peppers,40.0
veggie_veg_s,The Vegetables + Vegetables Pizza,Green Peppers,160.0
veggie_veg_s,The Vegetables + Vegetables Pizza,Red Onions,160.0
veggie_veg_s,The Vegetables + Vegetables Pizza,Zucchini,80.0
veggie_veg_s,The Vegetables + Vegetables Pizza,Spinach,120.0
veggie_veg_s,The Vegetables + Vegetables Pizza,Garlic,40.0
